date,team_1,team_1_goals,team_2_goals,team_2,team_1_1h_goals,team_2_1h_goals,team_1_2h_goals,team_2_2h_goals,team_1_yellow,team_2_yellow,team_1_red,team_2_red,team_1_1h_corners,team_2_1h_corners,team_1_2h_corners,team_2_2h_corners,team_1_match_corners,team_2_match_corners,team_1_total_corners,team_1_xg,team_2_xg,team_1_shots,team_2_shots,team_1_shots_on_target,team_2_shots_on_target,team_1_fouls,team_2_fouls
2026-06-11,Mexico,2.0,0.0,South Africa,1.0,0.0,1.0,0.0,1.0,2.0,1.0,2.0,2.0,1.0,1.0,0.0,3.0,1.0,4.0,1.46,0.07,16.0,3.0,4.0,2.0,12.0,11.0
2026-06-12,South Korea,2.0,1.0,Czech Republic,0.0,0.0,2.0,1.0,1.0,0.0,0.0,0.0,3.0,3.0,1.0,2.0,4.0,5.0,9.0,2.3,0.83,15.0,7.0,6.0,4.0,9.0,16.0
2026-06-12,Canada,1.0,1.0,Bosnia & Herzegovina,0.0,1.0,1.0,0.0,2.0,3.0,0.0,0.0,9.0,1.0,0.0,3.0,9.0,4.0,13.0,1.25,0.98,13.0,8.0,4.0,3.0,10.0,20.0
2026-06-13,USA,4.0,1.0,Paraguay,3.0,0.0,1.0,1.0,1.0,5.0,0.0,0.0,2.0,0.0,1.0,1.0,3.0,1.0,4.0,1.42,0.54,16.0,9.0,6.0,1.0,13.0,17.0
2026-06-13,Qatar,1.0,1.0,Switzerland,0.0,1.0,1.0,0.0,2.0,1.0,0.0,0.0,3.0,4.0,0.0,6.0,3.0,10.0,13.0,0.6,3.2,6.0,26.0,3.0,7.0,12.0,11.0
2026-06-13,Brazil,1.0,1.0,Morocco,1.0,1.0,0.0,0.0,2.0,0.0,0.0,0.0,2.0,0.0,4.0,2.0,6.0,2.0,8.0,1.26,1.37,12.0,14.0,5.0,3.0,16.0,14.0
2026-06-14,Haiti,0.0,1.0,Scotland,0.0,1.0,0.0,0.0,1.0,3.0,0.0,0.0,0.0,0.0,4.0,3.0,4.0,3.0,7.0,1.05,1.05,15.0,9.0,2.0,2.0,23.0,21.0
2026-06-14,Australia,2.0,0.0,Turkey,1.0,0.0,1.0,0.0,0.0,1.0,0.0,0.0,2.0,2.0,3.0,6.0,5.0,8.0,13.0,1.18,1.36,9.0,30.0,4.0,8.0,12.0,4.0
2026-06-14,Germany,7.0,1.0,Curacao,3.0,1.0,4.0,0.0,0.0,0.0,0.0,0.0,6.0,0.0,2.0,1.0,8.0,1.0,9.0,4.22,0.41,26.0,8.0,12.0,2.0,18.0,11.0
2026-06-14,Netherlands,2.0,2.0,Japan,0.0,0.0,2.0,2.0,3.0,0.0,0.0,0.0,3.0,1.0,2.0,3.0,5.0,4.0,9.0,0.78,0.59,10.0,10.0,6.0,3.0,7.0,7.0
2026-06-15,Ivory Coast,1.0,0.0,Ecuador,0.0,0.0,1.0,0.0,3.0,1.0,0.0,0.0,2.0,0.0,1.0,5.0,3.0,5.0,8.0,1.52,1.01,15.0,12.0,4.0,1.0,10.0,13.0
2026-06-15,Sweden,5.0,1.0,Tunisia,2.0,1.0,3.0,0.0,0.0,1.0,0.0,0.0,2.0,0.0,2.0,2.0,4.0,2.0,6.0,1.33,0.28,13.0,6.0,7.0,2.0,10.0,8.0
2026-06-15,Spain,0.0,0.0,Cape Verde,0.0,0.0,0.0,0.0,1.0,1.0,0.0,0.0,4.0,0.0,7.0,1.0,11.0,1.0,12.0,2.1,0.2,27.0,6.0,7.0,1.0,10.0,1.0
2026-06-15,Belgium,1.0,1.0,Egypt,0.0,1.0,1.0,0.0,2.0,2.0,0.0,0.0,0.0,4.0,2.0,3.0,2.0,7.0,9.0,1.35,1.08,15.0,14.0,3.0,3.0,15.0,15.0
2026-06-15,Saudi Arabia,1.0,1.0,Uruguay,1.0,0.0,0.0,1.0,1.0,0.0,0.0,0.0,4.0,2.0,0.0,12.0,4.0,14.0,18.0,0.66,1.72,7.0,27.0,3.0,10.0,11.0,6.0
2026-06-16,Iran,2.0,2.0,New Zealand,1.0,1.0,1.0,1.0,1.0,0.0,0.0,0.0,0.0,1.0,4.0,0.0,4.0,1.0,5.0,1.5,1.24,17.0,14.0,4.0,8.0,10.0,8.0
2026-06-16,France,3.0,1.0,Senegal,0.0,0.0,3.0,1.0,0.0,0.0,0.0,0.0,3.0,2.0,3.0,2.0,6.0,4.0,10.0,1.79,0.53,11.0,6.0,8.0,2.0,5.0,9.0
2026-06-16,Iraq,1.0,4.0,Norway,1.0,2.0,0.0,2.0,1.0,0.0,0.0,0.0,2.0,2.0,0.0,3.0,2.0,5.0,7.0,0.8,2.52,11.0,12.0,1.0,5.0,12.0,13.0
2026-06-17,Argentina,3.0,0.0,Algeria,1.0,0.0,2.0,0.0,0.0,0.0,0.0,0.0,0.0,2.0,2.0,0.0,2.0,2.0,4.0,1.26,0.32,10.0,7.0,6.0,0.0,13.0,8.0
2026-06-17,Austria,3.0,1.0,Jordan,1.0,0.0,2.0,1.0,1.0,0.0,0.0,0.0,1.0,3.0,3.0,0.0,4.0,3.0,7.0,1.66,0.53,11.0,11.0,4.0,4.0,12.0,7.0
2026-06-17,Portugal,1.0,1.0,D.R. Congo,1.0,1.0,0.0,0.0,3.0,1.0,0.0,0.0,1.0,3.0,4.0,1.0,5.0,4.0,9.0,0.65,0.87,7.0,8.0,1.0,2.0,9.0,10.0
2026-06-17,England,4.0,2.0,Croatia,2.0,2.0,2.0,0.0,0.0,0.0,0.0,0.0,3.0,1.0,5.0,1.0,8.0,2.0,10.0,3.2,0.7,22.0,10.0,11.0,5.0,10.0,12.0
2026-06-18,Ghana,1.0,0.0,Panama,0.0,0.0,1.0,0.0,1.0,2.0,0.0,0.0,0.0,0.0,2.0,2.0,2.0,2.0,4.0,1.31,0.73,8.0,11.0,2.0,4.0,9.0,11.0
2026-06-18,Uzbekistan,1.0,3.0,Colombia,0.0,1.0,1.0,2.0,1.0,1.0,0.0,0.0,1.0,2.0,2.0,2.0,3.0,4.0,7.0,1.16,1.61,8.0,15.0,2.0,4.0,14.0,11.0
2026-06-18,Czech Republic,1.0,1.0,South Africa,1.0,0.0,0.0,1.0,1.0,2.0,0.0,0.0,2.0,3.0,3.0,2.0,5.0,5.0,10.0,1.02,1.38,14.0,17.0,3.0,4.0,12.0,10.0
2026-06-18,Switzerland,4.0,1.0,Bosnia & Herzegovina,0.0,0.0,4.0,1.0,1.0,2.0,0.0,1.0,4.0,2.0,3.0,1.0,7.0,3.0,10.0,2.06,0.23,13.0,5.0,7.0,3.0,7.0,18.0
2026-06-18,Canada,6.0,0.0,Qatar,3.0,0.0,3.0,0.0,1.0,1.0,0.0,2.0,5.0,1.0,14.0,0.0,19.0,1.0,20.0,4.6,0.22,32.0,2.0,10.0,0.0,9.0,10.0
2026-06-19,Mexico,1.0,0.0,South Korea,0.0,0.0,1.0,0.0,0.0,2.0,0.0,0.0,0.0,0.0,0.0,2.0,0.0,2.0,2.0,0.53,0.91,8.0,9.0,4.0,2.0,9.0,7.0
2026-06-19,USA,2.0,0.0,Australia,2.0,0.0,0.0,0.0,3.0,4.0,0.0,0.0,3.0,2.0,4.0,2.0,7.0,4.0,11.0,1.08,0.35,10.0,5.0,2.0,2.0,12.0,16.0
2026-06-19,Scotland,0.0,1.0,Morocco,0.0,1.0,0.0,0.0,1.0,1.0,0.0,0.0,0.0,3.0,2.0,2.0,2.0,5.0,7.0,0.51,0.99,6.0,12.0,0.0,2.0,11.0,8.0
2026-06-20,Brazil,3.0,0.0,Haiti,3.0,0.0,0.0,0.0,1.0,3.0,0.0,0.0,4.0,1.0,0.0,3.0,4.0,4.0,8.0,1.75,0.23,8.0,7.0,5.0,3.0,13.0,14.0
2026-06-20,Turkey,0.0,1.0,Paraguay,0.0,1.0,0.0,0.0,1.0,1.0,0.0,1.0,5.0,0.0,7.0,0.0,12.0,0.0,12.0,2.17,0.32,32.0,7.0,5.0,2.0,14.0,15.0
2026-06-20,Netherlands,5.0,1.0,Sweden,2.0,0.0,3.0,1.0,0.0,3.0,0.0,0.0,1.0,2.0,1.0,3.0,2.0,5.0,7.0,2.61,1.01,10.0,16.0,7.0,8.0,9.0,12.0
2026-06-20,Germany,2.0,1.0,Ivory Coast,0.0,1.0,2.0,0.0,0.0,0.0,0.0,0.0,3.0,1.0,5.0,2.0,8.0,3.0,11.0,1.89,1.22,16.0,9.0,7.0,2.0,5.0,7.0
2026-06-21,Ecuador,0.0,0.0,Curacao,0.0,0.0,0.0,0.0,1.0,5.0,0.0,0.0,1.0,0.0,8.0,0.0,9.0,0.0,9.0,2.84,0.5,27.0,10.0,15.0,3.0,7.0,10.0
2026-06-21,Tunisia,0.0,4.0,Japan,0.0,2.0,0.0,2.0,0.0,0.0,0.0,0.0,1.0,2.0,2.0,3.0,3.0,5.0,8.0,0.05,2.13,2.0,11.0,0.0,5.0,8.0,15.0
2026-06-21,Spain,4.0,0.0,Saudi Arabia,3.0,0.0,1.0,0.0,0.0,2.0,0.0,0.0,4.0,1.0,2.0,0.0,6.0,1.0,7.0,2.3,0.14,22.0,3.0,8.0,1.0,10.0,2.0
2026-06-21,Belgium,0.0,0.0,Iran,0.0,0.0,0.0,0.0,1.0,1.0,1.0,0.0,2.0,1.0,2.0,1.0,4.0,2.0,6.0,1.79,0.62,23.0,7.0,7.0,3.0,7.0,9.0
2026-06-21,Uruguay,2.0,2.0,Cape Verde,2.0,1.0,0.0,1.0,2.0,2.0,0.0,0.0,4.0,1.0,7.0,3.0,11.0,4.0,15.0,2.32,0.88,17.0,12.0,2.0,4.0,11.0,4.0
2026-06-22,New Zealand,1.0,3.0,Egypt,1.0,0.0,0.0,3.0,2.0,1.0,0.0,0.0,1.0,1.0,3.0,2.0,4.0,3.0,7.0,1.24,1.87,11.0,19.0,5.0,7.0,14.0,8.0
2026-06-22,Argentina,2.0,0.0,Austria,1.0,0.0,1.0,0.0,2.0,2.0,0.0,0.0,0.0,2.0,1.0,1.0,1.0,3.0,4.0,2.36,0.53,12.0,6.0,5.0,1.0,13.0,13.0
2026-06-22,France,3.0,0.0,Iraq,1.0,0.0,2.0,0.0,0.0,1.0,0.0,0.0,1.0,1.0,3.0,1.0,4.0,2.0,6.0,2.67,0.63,19.0,4.0,5.0,0.0,8.0,4.0
2026-06-23,Norway,3.0,2.0,Senegal,1.0,0.0,2.0,2.0,0.0,0.0,0.0,0.0,4.0,1.0,1.0,3.0,5.0,4.0,9.0,2.2,1.72,13.0,16.0,7.0,4.0,13.0,5.0
2026-06-23,Jordan,1.0,2.0,Algeria,1.0,0.0,0.0,2.0,1.0,1.0,0.0,0.0,0.0,3.0,1.0,7.0,1.0,10.0,11.0,0.63,1.89,8.0,17.0,4.0,8.0,11.0,6.0
2026-06-23,Portugal,5.0,0.0,Uzbekistan,3.0,0.0,2.0,0.0,1.0,1.0,0.0,0.0,1.0,0.0,2.0,2.0,3.0,2.0,5.0,2.61,0.24,17.0,7.0,9.0,2.0,14.0,15.0
2026-06-23,England,0.0,0.0,Ghana,0.0,0.0,0.0,0.0,1.0,1.0,0.0,0.0,3.0,1.0,6.0,1.0,9.0,2.0,11.0,1.36,0.17,19.0,2.0,3.0,1.0,14.0,24.0
2026-06-24,Panama,0.0,1.0,Croatia,0.0,0.0,0.0,1.0,1.0,1.0,0.0,0.0,0.0,1.0,7.0,1.0,7.0,2.0,9.0,0.55,1.65,8.0,6.0,1.0,2.0,19.0,12.0
2026-06-24,Colombia,1.0,0.0,D.R. Congo,0.0,0.0,1.0,0.0,2.0,1.0,0.0,0.0,2.0,2.0,3.0,2.0,5.0,4.0,9.0,0.98,0.37,20.0,7.0,9.0,1.0,12.0,16.0
2026-06-24,Bosnia & Herzegovina,3.0,1.0,Qatar,2.0,1.0,1.0,0.0,1.0,1.0,0.0,0.0,4.0,1.0,1.0,4.0,5.0,5.0,10.0,0.68,0.77,14.0,9.0,5.0,3.0,9.0,14.0
2026-06-24,Switzerland,2.0,1.0,Canada,0.0,0.0,2.0,1.0,1.0,2.0,0.0,0.0,2.0,1.0,0.0,6.0,2.0,7.0,9.0,1.11,1.66,6.0,13.0,4.0,7.0,19.0,13.0
2026-06-24,Morocco,4.0,2.0,Haiti,2.0,2.0,2.0,0.0,0.0,3.0,0.0,0.0,3.0,0.0,6.0,1.0,9.0,1.0,10.0,3.76,0.67,22.0,9.0,11.0,2.0,10.0,18.0
2026-06-24,Scotland,0.0,3.0,Brazil,0.0,2.0,0.0,1.0,1.0,2.0,0.0,0.0,3.0,3.0,4.0,3.0,7.0,6.0,13.0,1.04,4.33,14.0,21.0,5.0,9.0,10.0,11.0
2026-06-25,Czech Republic,0.0,3.0,Mexico,0.0,0.0,0.0,3.0,0.0,1.0,0.0,0.0,0.0,0.0,5.0,1.0,5.0,1.0,6.0,0.53,1.74,13.0,11.0,1.0,5.0,9.0,13.0
2026-06-25,South Africa,1.0,0.0,South Korea,0.0,0.0,1.0,0.0,1.0,1.0,0.0,0.0,4.0,2.0,0.0,4.0,4.0,6.0,10.0,1.16,0.9,13.0,8.0,4.0,3.0,7.0,9.0
2026-06-25,Curacao,0.0,2.0,Ivory Coast,0.0,1.0,0.0,1.0,2.0,1.0,0.0,0.0,3.0,2.0,1.0,4.0,4.0,6.0,10.0,0.5,1.31,11.0,7.0,2.0,3.0,11.0,6.0
2026-06-25,Ecuador,2.0,1.0,Germany,1.0,1.0,1.0,0.0,3.0,1.0,0.0,0.0,1.0,1.0,2.0,1.0,3.0,2.0,5.0,1.27,0.65,7.0,11.0,3.0,3.0,15.0,10.0
2026-06-26,Japan,1.0,1.0,Sweden,0.0,0.0,1.0,1.0,1.0,2.0,0.0,0.0,1.0,3.0,1.0,5.0,2.0,8.0,10.0,1.21,0.64,8.0,11.0,3.0,5.0,20.0,11.0
2026-06-26,Tunisia,1.0,3.0,Netherlands,0.0,2.0,1.0,1.0,0.0,0.0,0.0,0.0,1.0,3.0,3.0,3.0,4.0,6.0,10.0,0.62,1.85,10.0,20.0,4.0,7.0,11.0,10.0
2026-06-26,Paraguay,0.0,0.0,Australia,0.0,0.0,0.0,0.0,1.0,1.0,0.0,0.0,0.0,3.0,1.0,0.0,1.0,3.0,4.0,0.24,0.55,7.0,12.0,2.0,5.0,9.0,6.0
2026-06-26,Turkey,3.0,2.0,USA,2.0,1.0,1.0,1.0,0.0,1.0,0.0,0.0,2.0,5.0,0.0,4.0,2.0,9.0,11.0,3.01,2.13,9.0,18.0,3.0,7.0,13.0,13.0
2026-06-26,Norway,1.0,4.0,France,1.0,3.0,0.0,1.0,1.0,1.0,0.0,0.0,1.0,3.0,3.0,2.0,4.0,5.0,9.0,1.7,1.5,10.0,18.0,4.0,9.0,9.0,11.0
2026-06-26,Senegal,5.0,0.0,Iraq,1.0,0.0,4.0,0.0,2.0,2.0,0.0,1.0,6.0,3.0,6.0,0.0,12.0,3.0,15.0,3.01,1.04,28.0,6.0,12.0,1.0,10.0,11.0
2026-06-27,Cape Verde,0.0,0.0,Saudi Arabia,0.0,0.0,0.0,0.0,1.0,3.0,0.0,0.0,2.0,0.0,2.0,2.0,4.0,2.0,6.0,1.39,0.39,15.0,7.0,2.0,3.0,10.0,16.0
2026-06-27,Uruguay,0.0,1.0,Spain,0.0,1.0,0.0,0.0,3.0,1.0,1.0,0.0,0.0,5.0,1.0,1.0,1.0,6.0,7.0,0.2,0.86,5.0,6.0,1.0,1.0,14.0,14.0
2026-06-27,Egypt,1.0,1.0,Iran,1.0,1.0,0.0,0.0,3.0,4.0,0.0,0.0,4.0,0.0,4.0,2.0,8.0,2.0,10.0,0.84,1.97,15.0,13.0,3.0,4.0,11.0,16.0
2026-06-27,New Zealand,1.0,5.0,Belgium,0.0,1.0,1.0,4.0,2.0,0.0,0.0,0.0,1.0,4.0,4.0,4.0,5.0,8.0,13.0,0.25,3.69,6.0,35.0,2.0,10.0,10.0,7.0
2026-06-27,Croatia,2.0,1.0,Ghana,1.0,0.0,1.0,1.0,1.0,1.0,0.0,0.0,0.0,0.0,3.0,2.0,3.0,2.0,5.0,0.42,0.74,8.0,6.0,4.0,1.0,9.0,13.0
2026-06-27,Panama,0.0,2.0,England,0.0,0.0,0.0,2.0,2.0,1.0,0.0,0.0,1.0,5.0,2.0,2.0,3.0,7.0,10.0,0.58,1.49,13.0,17.0,2.0,6.0,16.0,13.0
2026-06-28,Colombia,0.0,0.0,Portugal,0.0,0.0,0.0,0.0,1.0,0.0,0.0,0.0,1.0,0.0,4.0,2.0,5.0,2.0,7.0,1.7,0.93,24.0,13.0,6.0,2.0,12.0,6.0
2026-06-28,D.R. Congo,3.0,1.0,Uzbekistan,0.0,1.0,3.0,0.0,3.0,2.0,0.0,0.0,1.0,3.0,1.0,1.0,2.0,4.0,6.0,2.18,0.2,19.0,3.0,4.0,1.0,6.0,16.0
2026-06-28,Algeria,3.0,3.0,Austria,1.0,1.0,2.0,2.0,0.0,1.0,0.0,0.0,0.0,2.0,0.0,1.0,0.0,3.0,3.0,1.67,1.49,12.0,10.0,5.0,3.0,3.0,7.0
2026-06-28,Jordan,1.0,3.0,Argentina,0.0,2.0,1.0,1.0,3.0,0.0,0.0,0.0,1.0,2.0,1.0,4.0,2.0,6.0,8.0,0.76,2.13,5.0,12.0,1.0,4.0,13.0,7.0
2026-06-28,South Africa,0.0,1.0,Canada,0.0,0.0,0.0,1.0,0.0,2.0,0.0,0.0,1.0,3.0,0.0,1.0,1.0,4.0,5.0,0.14,1.38,6.0,12.0,1.0,7.0,10.0,16.0
2026-06-29,Brazil,2.0,1.0,Japan,0.0,1.0,2.0,0.0,2.0,3.0,0.0,0.0,2.0,2.0,4.0,0.0,6.0,2.0,8.0,2.07,0.33,19.0,5.0,7.0,2.0,4.0,13.0
2026-06-29,Germany,1.0,,Paraguay,0.0,1.0,1.0,0.0,2.0,2.0,0.0,0.0,6.0,2.0,4.0,2.0,16.0,6.0,22.0,1.57,0.35,21.0,7.0,6.0,3.0,18.0,12.0
2026-06-29,Netherlands,1.0,,Morocco,0.0,0.0,1.0,1.0,0.0,1.0,0.0,0.0,4.0,2.0,1.0,5.0,5.0,8.0,13.0,0.24,1.38,6.0,11.0,2.0,5.0,18.0,15.0
2026-06-30,Ivory Coast,1.0,2.0,Norway,0.0,1.0,1.0,1.0,0.0,1.0,0.0,0.0,9.0,2.0,5.0,1.0,14.0,3.0,17.0,1.49,1.9,14.0,9.0,5.0,4.0,6.0,7.0
2026-06-30,France,3.0,0.0,Sweden,1.0,0.0,2.0,0.0,0.0,0.0,0.0,0.0,6.0,0.0,3.0,1.0,9.0,1.0,10.0,3.24,0.7,25.0,8.0,12.0,3.0,14.0,10.0
2026-06-30,Mexico,2.0,0.0,Ecuador,2.0,0.0,0.0,0.0,0.0,3.0,0.0,1.0,1.0,5.0,2.0,3.0,3.0,8.0,11.0,1.05,0.75,15.0,7.0,3.0,1.0,10.0,14.0
2026-07-01,England,2.0,1.0,D.R. Congo,0.0,1.0,2.0,0.0,1.0,1.0,0.0,0.0,2.0,1.0,3.0,2.0,5.0,3.0,8.0,2.16,0.77,16.0,7.0,7.0,2.0,10.0,12.0
2026-07-01,Belgium,3.0,2.0,Senegal,0.0,1.0,2.0,1.0,1.0,1.0,0.0,0.0,2.0,1.0,2.0,0.0,4.0,2.0,6.0,1.74,3.58,19.0,19.0,5.0,5.0,22.0,12.0
2026-07-01,USA,2.0,0.0,Bosnia & Herzegovina,1.0,0.0,1.0,0.0,0.0,1.0,1.0,0.0,3.0,2.0,1.0,1.0,4.0,3.0,7.0,0.88,0.25,8.0,10.0,2.0,3.0,7.0,13.0
2026-07-02,Spain,3.0,0.0,Austria,1.0,0.0,2.0,0.0,0.0,1.0,0.0,0.0,6.0,0.0,3.0,0.0,9.0,0.0,9.0,2.8,0.32,23.0,5.0,10.0,0.0,8.0,15.0
2026-07-02,Portugal,2.0,1.0,Croatia,0.0,0.0,2.0,1.0,1.0,2.0,0.0,0.0,6.0,0.0,3.0,5.0,9.0,5.0,14.0,2.2,1.34,15.0,13.0,3.0,6.0,6.0,12.0
2026-07-02,Switzerland,2.0,0.0,Algeria,1.0,0.0,1.0,0.0,0.0,2.0,0.0,0.0,2.0,1.0,2.0,1.0,4.0,2.0,6.0,2.52,0.73,11.0,8.0,5.0,2.0,10.0,12.0
2026-07-03,Australia,1.0,,Egypt,0.0,1.0,1.0,0.0,0.0,2.0,0.0,0.0,3.0,0.0,1.0,3.0,4.0,7.0,11.0,0.84,1.32,16.0,14.0,1.0,3.0,12.0,14.0
2026-07-03,Argentina,3.0,2.0,Cape Verde,1.0,0.0,0.0,1.0,1.0,1.0,0.0,0.0,0.0,0.0,5.0,2.0,8.0,8.0,16.0,2.26,0.47,22.0,16.0,10.0,5.0,13.0,12.0
2026-07-03,Colombia,1.0,0.0,Ghana,1.0,0.0,0.0,0.0,2.0,3.0,0.0,0.0,1.0,2.0,2.0,0.0,3.0,2.0,5.0,2.04,0.27,20.0,8.0,8.0,0.0,14.0,10.0
2026-07-04,Canada,0.0,3.0,Morocco,0.0,0.0,0.0,3.0,4.0,4.0,0.0,0.0,5.0,0.0,6.0,1.0,11.0,1.0,12.0,0.84,0.82,10.0,5.0,3.0,4.0,24.0,14.0
2026-07-04,Paraguay,0.0,1.0,France,0.0,0.0,0.0,1.0,0.0,3.0,0.0,0.0,0.0,7.0,2.0,5.0,2.0,12.0,14.0,0.13,1.45,5.0,15.0,0.0,5.0,13.0,11.0
2026-07-05,Brazil,1.0,2.0,Norway,0.0,0.0,1.0,2.0,1.0,0.0,0.0,0.0,1.0,3.0,4.0,2.0,5.0,5.0,10.0,2.61,1.05,14.0,9.0,4.0,5.0,7.0,6.0
2026-07-05,Mexico,2.0,3.0,England,1.0,2.0,1.0,1.0,2.0,3.0,0.0,1.0,4.0,2.0,8.0,0.0,12.0,2.0,14.0,1.88,1.61,20.0,6.0,5.0,5.0,14.0,7.0
2026-07-06,Portugal,0.0,1.0,Spain,0.0,0.0,0.0,1.0,2.0,1.0,0.0,0.0,3.0,2.0,0.0,5.0,3.0,7.0,10.0,0.63,1.69,10.0,15.0,2.0,6.0,9.0,13.0
2026-07-06,USA,1.0,4.0,Belgium,1.0,2.0,0.0,2.0,2.0,0.0,0.0,0.0,1.0,3.0,2.0,2.0,3.0,5.0,8.0,0.63,2.01,7.0,15.0,2.0,7.0,11.0,9.0
2026-07-07,Argentina,3.0,2.0,Egypt,0.0,1.0,3.0,1.0,0.0,3.0,0.0,0.0,1.0,1.0,5.0,0.0,6.0,1.0,7.0,2.84,0.89,19.0,5.0,7.0,2.0,13.0,11.0
2026-07-07,Switzerland,,0.0,Colombia,0.0,0.0,0.0,0.0,3.0,2.0,0.0,0.0,1.0,4.0,2.0,0.0,3.0,7.0,10.0,0.39,1.09,7.0,15.0,2.0,3.0,22.0,21.0
2026-07-09,France,2.0,0.0,Morocco,0.0,0.0,2.0,0.0,0.0,1.0,0.0,0.0,3.0,1.0,2.0,4.0,5.0,5.0,10.0,3.69,0.14,22.0,5.0,8.0,1.0,10.0,13.0
2026-07-10,Spain,2.0,1.0,Belgium,1.0,1.0,1.0,0.0,2.0,2.0,0.0,0.0,3.0,0.0,2.0,1.0,5.0,1.0,6.0,2.1,0.37,17.0,5.0,8.0,2.0,13.0,18.0
2026-07-11,Norway,1.0,2.0,England,1.0,1.0,0.0,0.0,1.0,0.0,0.0,0.0,0.0,2.0,5.0,1.0,7.0,4.0,11.0,0.68,1.04,13.0,14.0,4.0,8.0,10.0,8.0
2026-07-11,Argentina,3.0,1.0,Switzerland,1.0,0.0,0.0,1.0,3.0,2.0,0.0,1.0,2.0,1.0,3.0,1.0,8.0,2.0,10.0,1.94,0.47,22.0,11.0,7.0,5.0,14.0,18.0
2026-07-14,France,0.0,2.0,Spain,0.0,1.0,0.0,1.0,2.0,1.0,0.0,0.0,3.0,1.0,4.0,0.0,7.0,1.0,8.0,0.3,1.63,10.0,10.0,3.0,2.0,11.0,12.0
2026-07-15,England,1.0,2.0,Argentina,0.0,0.0,1.0,2.0,1.0,3.0,0.0,0.0,1.0,1.0,0.0,5.0,1.0,6.0,7.0,0.53,1.84,5.0,15.0,2.0,5.0,11.0,15.0
2026-07-19,Spain,1.0,0.0,Argentina,0.0,0.0,0.0,0.0,0.0,5.0,0.0,1.0,2.0,0.0,7.0,1.0,9.0,4.0,13.0,2.29,0.22,20.0,2.0,12.0,0.0,21.0,25.0
